{
    "BTC-LTC": {
        "atr_data": [],
        "ema_data": [
            0.011640901499999997,
            0.011639201963633366,
            0.011637150778432238
        ],
        "lower_band_data": [],
        "market": "BTC-LTC",
        "middle_band_data": [],
        "price_data": [
            0.011647,
            0.011647,
            0.01163,
            0.01165,
            0.01165,
            0.011647,
            0.011647,
            0.011647,
            0.011647,
            0.011647,
            0.011647,
            0.011647,
            0.01160503,
            0.01162,
            0.011647,
            0.011647,
            0.011625,
            0.011625,
            0.011625,
            0.01162001
        ],
        "tr_data": [
            4.497000000000008e-05,
            4.497000000000008e-05
        ],
        "upper_band_data": []
    }
}