{
    "0": {
        "24h_change": -7.685305591677505,
        "cur_price": 0.07099,
        "market": "BTC-ETH"
    },
    "1": {
        "24h_change": -5.342106089357701,
        "cur_price": 0.02592905,
        "market": "BTC-XMR"
    },
    "2": {
        "24h_change": -2.608147080028844,
        "cur_price": 0.00054033,
        "market": "BTC-ARK"
    },
    "3": {
        "24h_change": -12.991718650568618,
        "cur_price": 0.0020099,
        "market": "BTC-OMG"
    },
    "4": {
        "24h_change": -8.453379088693014,
        "cur_price": 0.0159796,
        "market": "BTC-LTC"
    },
    "5": {
        "24h_change": -26.970294117647054,
        "cur_price": 0.00496602,
        "market": "BTC-NEO"
    },
    "6": {
        "24h_change": -17.02439919280866,
        "cur_price": 4.523e-05,
        "market": "BTC-BAT"
    },
    "7": {
        "24h_change": -0.24153259116478365,
        "cur_price": 0.126798,
        "market": "BTC-BCC"
    },
    "8": {
        "24h_change": -3.498894027749855,
        "cur_price": 4.799e-05,
        "market": "BTC-XRP"
    },
    "9": {
        "24h_change": -18.570568676908962,
        "cur_price": 0.00284091,
        "market": "BTC-QTUM"
    }
}