{
    "0": {
        "24h_change": -3.6753590325019014,
        "cur_price": 0.00030585,
        "market": "BTC-ARK"
    },
    "1": {
        "24h_change": -4.23844061650045,
        "cur_price": 0.04225,
        "market": "BTC-ETH"
    },
    "2": {
        "24h_change": 5.766292072489865,
        "cur_price": 0.00914999,
        "market": "BTC-LTC"
    },
    "3": {
        "24h_change": 7.267601638268828,
        "cur_price": 0.000605,
        "market": "BTC-VTC"
    },
    "4": {
        "24h_change": -9.75499368028303,
        "cur_price": 0.0032701,
        "market": "BTC-NEO"
    },
    "5": {
        "24h_change": -4.430634072231054,
        "cur_price": 0.00520854,
        "market": "BTC-DCR"
    },
    "6": {
        "24h_change": -7.169059940982859,
        "cur_price": 0.00207,
        "market": "BTC-FCT"
    },
    "7": {
        "24h_change": 1.6722408026755842,
        "cur_price": 1.216e-05,
        "market": "BTC-ADA"
    },
    "8": {
        "24h_change": -2.511181349904157,
        "cur_price": 0.01724158,
        "market": "BTC-XMR"
    },
    "9": {
        "24h_change": -9.231173469387743,
        "cur_price": 0.07116276,
        "market": "BTC-DASH"
    }
}