{
    "0": {
        "24h_change": -0.2894106433292909,
        "cur_price": 0.0758,
        "market": "BTC-ETH"
    },
    "1": {
        "24h_change": -6.737891455011214,
        "cur_price": 0.00657496,
        "market": "BTC-NEO"
    },
    "2": {
        "24h_change": -1.3840950601765267,
        "cur_price": 0.01704,
        "market": "BTC-LTC"
    },
    "3": {
        "24h_change": -0.8695422416978849,
        "cur_price": 0.02701302,
        "market": "BTC-XMR"
    },
    "4": {
        "24h_change": 9.117227004284544,
        "cur_price": 0.00056538,
        "market": "BTC-ARK"
    },
    "5": {
        "24h_change": -10.293362337230727,
        "cur_price": 0.00029692,
        "market": "BTC-NAV"
    },
    "6": {
        "24h_change": -2.621802809684448,
        "cur_price": 0.0022805,
        "market": "BTC-OMG"
    },
    "7": {
        "24h_change": 5.493217555425733,
        "cur_price": 0.13398798,
        "market": "BTC-BCC"
    },
    "8": {
        "24h_change": 19.853928025219282,
        "cur_price": 0.000384,
        "market": "BTC-VIA"
    },
    "9": {
        "24h_change": -2.766501869883875,
        "cur_price": 0.00419898,
        "market": "BTC-ETC"
    }
}