{
    "0": {
        "24h_change": -5.846792944167156,
        "cur_price": 0.00030371,
        "market": "BTC-ARK"
    },
    "1": {
        "24h_change": -4.244698492235877,
        "cur_price": 0.04249965,
        "market": "BTC-ETH"
    },
    "2": {
        "24h_change": -8.37988826815642,
        "cur_price": 0.00328,
        "market": "BTC-NEO"
    },
    "3": {
        "24h_change": 10.920816911501241,
        "cur_price": 0.00061916,
        "market": "BTC-VTC"
    },
    "4": {
        "24h_change": 7.356447685777967,
        "cur_price": 0.009374,
        "market": "BTC-LTC"
    },
    "5": {
        "24h_change": -10.690523014159115,
        "cur_price": 0.07,
        "market": "BTC-DASH"
    },
    "6": {
        "24h_change": 1.5138772077375906,
        "cur_price": 1.207e-05,
        "market": "BTC-ADA"
    },
    "7": {
        "24h_change": -5.29878860380808,
        "cur_price": 0.005201,
        "market": "BTC-DCR"
    },
    "8": {
        "24h_change": 11.74875089221985,
        "cur_price": 7.828e-05,
        "market": "BTC-DCT"
    },
    "9": {
        "24h_change": -2.6662383552842894,
        "cur_price": 3.03e-05,
        "market": "BTC-GNT"
    }
}