{
    "0": {
        "24h_change": -2.093420021210868,
        "cur_price": 0.00063699,
        "market": "BTC-VTC"
    },
    "1": {
        "24h_change": -2.0161088709677366,
        "cur_price": 0.04860001,
        "market": "BTC-ETH"
    },
    "2": {
        "24h_change": -4.2146938736138395,
        "cur_price": 0.01787395,
        "market": "BTC-XMR"
    },
    "3": {
        "24h_change": 1.1023325458975997,
        "cur_price": 0.00434829,
        "market": "BTC-NEO"
    },
    "4": {
        "24h_change": -1.8020304568527878,
        "cur_price": 0.00909215,
        "market": "BTC-LTC"
    },
    "5": {
        "24h_change": -2.620896469693923,
        "cur_price": 0.03958407,
        "market": "BTC-ZEC"
    },
    "6": {
        "24h_change": 1.9120000000000026,
        "cur_price": 0.00012739,
        "market": "BTC-NAV"
    },
    "7": {
        "24h_change": 11.919509382748794,
        "cur_price": 0.0010968,
        "market": "BTC-LSK"
    },
    "8": {
        "24h_change": -1.3763028954086098,
        "cur_price": 0.184605,
        "market": "BTC-BCC"
    },
    "9": {
        "24h_change": 3.3391915641476144,
        "cur_price": 5.88e-06,
        "market": "BTC-DNT"
    }
}