{
    "BTC-DASH": {
        "amount_bought": 0.041483155802851696,
        "highest_24h_change": 38.01731191048885,
        "original_24h_change": 37.56542491441477,
        "price_bought": 0.07610001,
        "sell_threshold": 10,
        "total_paid": 13.085575376285716
    }
}