{
    "BTC-BAY": {
        "amount_bought": 529.1945341614907,
        "highest_24h_change": 34.02777777777777,
        "price_bought": 5.75e-06,
        "sell_threshold": 10,
        "total_paid": 12.671212198371428
    }
}