{
    "BTC-BITB": {
        "amount_bought": 2593.2202462380305,
        "highest_24h_change": 55.172413793103445,
        "original_24h_change": 40.98360655737705,
        "price_bought": 8.6e-07,
        "sell_threshold": 10,
        "total_paid": 9.321152067549647
    },
    "BTC-TX": {
        "amount_bought": 18.042652991898443,
        "highest_24h_change": 53.294117647058805,
        "original_24h_change": 48.71764705882353,
        "price_bought": 0.00012641,
        "sell_threshold": 10,
        "total_paid": 9.508392201897413
    }
}